{
  "trial": 6.0,
  "seed": 48.0,
  "max_tokens": 55.0,
  "beam_size": 8.0,
  "pool_size": 113.0,
  "sample_per_beam": 91.0,
  "temperature": 0.9981,
  "avg_query_sim": 0.9152981042861938,
  "avg_combined_score": 0.9096001386642456,
  "avg_tokens_generated": 55.0,
  "avg_decoding_time_sec": 46.7674765586853,
  "trial_wall_time_sec": 46.81263875961304,
  "query_samples": 1.0
}