{
  "trial": 3.0,
  "seed": 45.0,
  "max_tokens": 57.0,
  "beam_size": 9.0,
  "pool_size": 208.0,
  "sample_per_beam": 104.0,
  "temperature": 0.9752,
  "avg_query_sim": 0.9234485179185867,
  "avg_combined_score": 0.9244049787521362,
  "avg_tokens_generated": 56.25,
  "avg_decoding_time_sec": 43.706452262401584,
  "trial_wall_time_sec": 874.5384340286255,
  "query_samples": 20.0
}