{
  "trial": 3.0,
  "seed": 45.0,
  "max_tokens": 54.0,
  "beam_size": 9.0,
  "pool_size": 237.0,
  "sample_per_beam": 99.0,
  "temperature": 0.9637,
  "avg_query_sim": 0.9163930475711822,
  "avg_combined_score": 0.9167325973510743,
  "avg_tokens_generated": 53.8,
  "avg_decoding_time_sec": 43.599945712089536,
  "trial_wall_time_sec": 872.3969044685364,
  "query_samples": 20.0
}