{
  "trial": 26.0,
  "seed": 68.0,
  "max_tokens": 67.0,
  "beam_size": 10.0,
  "pool_size": 256.0,
  "sample_per_beam": 115.0,
  "temperature": 1.0777,
  "avg_query_sim": 0.9192550539970398,
  "avg_combined_score": 0.9206464320421219,
  "avg_tokens_generated": 65.65,
  "avg_decoding_time_sec": 91.93849174976349,
  "trial_wall_time_sec": 1839.1189465522766,
  "query_samples": 20.0
}